[
  {
    "code": 2035,
    "ville": "Tunis Carthage",
    "gouvernorat": "Ariana",
    "pays": "Tunisie"
  },
  {
    "code": 2001,
    "ville": "Cité Ennasr Ariana",
    "gouvernorat": "Ariana",
    "pays": "Tunisie"
  },
  {
    "code": 2027,
    "ville": "Borj Baccouch",
    "gouvernorat": "Ariana",
    "pays": "Tunisie"
  },
  {
    "code": 2073,
    "ville": "Borj Louzir",
    "gouvernorat": "Ariana",
    "pays": "Tunisie"
  },
  {
    "code": 2036,
    "ville": "Soukra",
    "gouvernorat": "Ariana",
    "pays": "Tunisie"
  },
  {
    "code": 2080,
    "ville": "Ariana",
    "gouvernorat": "Ariana",
    "pays": "Tunisie"
  },
  {
    "code": 2002,
    "ville": "Ariana Géant",
    "gouvernorat": "Ariana",
    "pays": "Tunisie"
  },
  {
    "code": 2091,
    "ville": "Menzah 6",
    "gouvernorat": "Ariana",
    "pays": "Tunisie"
  },
  {
    "code": 2083,
    "ville": "Cité La Gazelle",
    "gouvernorat": "Ariana",
    "pays": "Tunisie"
  },
  {
    "code": 9070,
    "ville": "Mjaz Elbab",
    "gouvernorat": "Beja",
    "pays": "Tunisie"
  },
  {
    "code": 9040,
    "ville": "Teboursouk",
    "gouvernorat": "Beja",
    "pays": "Tunisie"
  },
  {
    "code": 9000,
    "ville": "Beja",
    "gouvernorat": "Beja",
    "pays": "Tunisie"
  },
  {
    "code": 9032,
    "ville": "Dougga",
    "gouvernorat": "Beja",
    "pays": "Tunisie"
  },
  {
    "code": 2098,
    "ville": "Rades Medina",
    "gouvernorat": "Ben Arous",
    "pays": "Tunisie"
  },
  {
    "code": 1145,
    "ville": "Mhamdia",
    "gouvernorat": "Ben Arous",
    "pays": "Tunisie"
  },
  {
    "code": 2050,
    "ville": "Hammam Lif",
    "gouvernorat": "Ben Arous",
    "pays": "Tunisie"
  },
  {
    "code": 2040,
    "ville": "Radés",
    "gouvernorat": "Ben Arous",
    "pays": "Tunisie"
  },
  {
    "code": 2034,
    "ville": "Ezzahra",
    "gouvernorat": "Ben Arous",
    "pays": "Tunisie"
  },
  {
    "code": 2013,
    "ville": "Ben Arous",
    "gouvernorat": "Ben Arous",
    "pays": "Tunisie"
  },
  {
    "code": 2044,
    "ville": "Errisala",
    "gouvernorat": "Ben Arous",
    "pays": "Tunisie"
  },
  {
    "code": 2065,
    "ville": "Ezzahra El Habib",
    "gouvernorat": "Ben Arous",
    "pays": "Tunisie"
  },
  {
    "code": 2063,
    "ville": "Nouvelle Médina",
    "gouvernorat": "Ben Arous",
    "pays": "Tunisie"
  },
  {
    "code": 2074,
    "ville": "Mourouj 1",
    "gouvernorat": "Ben Arous",
    "pays": "Tunisie"
  },
  {
    "code": 2068,
    "ville": "Mourouj 3",
    "gouvernorat": "Ben Arous",
    "pays": "Tunisie"
  },
  {
    "code": 2014,
    "ville": "Megrine Riadh",
    "gouvernorat": "Ben Arous",
    "pays": "Tunisie"
  },
  {
    "code": 2090,
    "ville": "Mornag",
    "gouvernorat": "Ben Arous",
    "pays": "Tunisie"
  },
  {
    "code": 2033,
    "ville": "Megrine",
    "gouvernorat": "Ben Arous",
    "pays": "Tunisie"
  },
  {
    "code": 7000,
    "ville": "Bizerte",
    "gouvernorat": "Bizerte",
    "pays": "Tunisie"
  },
  {
    "code": 7070,
    "ville": "Ras Djebel",
    "gouvernorat": "Bizerte",
    "pays": "Tunisie"
  },
  {
    "code": 7061,
    "ville": "Bizerte bab mater",
    "gouvernorat": "Bizerte",
    "pays": "Tunisie"
  },
  {
    "code": 7050,
    "ville": "Menzel Bourguiba",
    "gouvernorat": "Bizerte",
    "pays": "Tunisie"
  },
  {
    "code": 7072,
    "ville": "MZL Bourguiba Ennajah",
    "gouvernorat": "Bizerte",
    "pays": "Tunisie"
  },
  {
    "code": 7030,
    "ville": "Mateur",
    "gouvernorat": "Bizerte",
    "pays": "Tunisie"
  },
  {
    "code": 7080,
    "ville": "Menzel Jemil",
    "gouvernorat": "Bizerte",
    "pays": "Tunisie"
  },
  {
    "code": 6001,
    "ville": "gabès hached",
    "gouvernorat": "Gabes",
    "pays": "Tunisie"
  },
  {
    "code": 6000,
    "ville": "Gabes B-Bhar",
    "gouvernorat": "Gabes",
    "pays": "Tunisie"
  },
  {
    "code": 6033,
    "ville": "Cite El Amel",
    "gouvernorat": "Gabes",
    "pays": "Tunisie"
  },
  {
    "code": 6020,
    "ville": "El Hamma",
    "gouvernorat": "Gabes",
    "pays": "Tunisie"
  },
  {
    "code": 6080,
    "ville": "Mareth",
    "gouvernorat": "Gabes",
    "pays": "Tunisie"
  },
  {
    "code": 2100,
    "ville": "Gafsa",
    "gouvernorat": "Gafsa",
    "pays": "Tunisie"
  },
  {
    "code": 2123,
    "ville": "Gafsa Cité Ennour",
    "gouvernorat": "Gafsa",
    "pays": "Tunisie"
  },
  {
    "code": 2117,
    "ville": "Gafsa Intilaka",
    "gouvernorat": "Gafsa",
    "pays": "Tunisie"
  },
  {
    "code": 2130,
    "ville": "Metlaoui",
    "gouvernorat": "Gafsa",
    "pays": "Tunisie"
  },
  {
    "code": 2180,
    "ville": "El Guettar",
    "gouvernorat": "Gafsa",
    "pays": "Tunisie"
  },
  {
    "code": 2120,
    "ville": "Errdayef",
    "gouvernorat": "Gafsa",
    "pays": "Tunisie"
  },
  {
    "code": 2111,
    "ville": "Gafsa gare",
    "gouvernorat": "Gafsa",
    "pays": "Tunisie"
  },
  {
    "code": 8130,
    "ville": "Ain Drahem",
    "gouvernorat": "Jendouba",
    "pays": "Tunisie"
  },
  {
    "code": 8170,
    "ville": "Bousalem",
    "gouvernorat": "Jendouba",
    "pays": "Tunisie"
  },
  {
    "code": 8110,
    "ville": "Tabarka",
    "gouvernorat": "Jendouba",
    "pays": "Tunisie"
  },
  {
    "code": 8100,
    "ville": "Jendouba",
    "gouvernorat": "Jendouba",
    "pays": "Tunisie"
  },
  {
    "code": 8160,
    "ville": "Ghardimaou",
    "gouvernorat": "Jendouba",
    "pays": "Tunisie"
  },
  {
    "code": 3180,
    "ville": "bouhajla",
    "gouvernorat": "Kairouan",
    "pays": "Tunisie"
  },
  {
    "code": 3140,
    "ville": "Kaiouran Okba",
    "gouvernorat": "Kairouan",
    "pays": "Tunisie"
  },
  {
    "code": 3131,
    "ville": "Kairouan Sud",
    "gouvernorat": "Kairouan",
    "pays": "Tunisie"
  },
  {
    "code": 3100,
    "ville": "Kairouan",
    "gouvernorat": "Kairouan",
    "pays": "Tunisie"
  },
  {
    "code": 3120,
    "ville": "Oueslatia",
    "gouvernorat": "Kairouan",
    "pays": "Tunisie"
  },
  {
    "code": 3160,
    "ville": "Hajeb Laayoune",
    "gouvernorat": "Kairouan",
    "pays": "Tunisie"
  },
  {
    "code": 3129,
    "ville": "Cité Hajjem",
    "gouvernorat": "Kairouan",
    "pays": "Tunisie"
  },
  {
    "code": 3116,
    "ville": "Cherarda",
    "gouvernorat": "Kairouan",
    "pays": "Tunisie"
  },
  {
    "code": 3182,
    "ville": "Cite ennasr kairouan",
    "gouvernorat": "Kairouan",
    "pays": "Tunisie"
  },
  {
    "code": 3199,
    "ville": "Cité Ibn Jazzar",
    "gouvernorat": "Kairouan",
    "pays": "Tunisie"
  },
  {
    "code": 3130,
    "ville": "Haffouz",
    "gouvernorat": "Kairouan",
    "pays": "Tunisie"
  },
  {
    "code": 1270,
    "ville": "Sbiba",
    "gouvernorat": "Kasserine",
    "pays": "Tunisie"
  },
  {
    "code": 1240,
    "ville": "Feryana",
    "gouvernorat": "Kasserine",
    "pays": "Tunisie"
  },
  {
    "code": 1210,
    "ville": "Tela",
    "gouvernorat": "Kasserine",
    "pays": "Tunisie"
  },
  {
    "code": 1200,
    "ville": "Kasserine",
    "gouvernorat": "Kasserine",
    "pays": "Tunisie"
  },
  {
    "code": 1250,
    "ville": "Sbeitla",
    "gouvernorat": "Kasserine",
    "pays": "Tunisie"
  },
  {
    "code": 4260,
    "ville": "Douz",
    "gouvernorat": "Kebili",
    "pays": "Tunisie"
  },
  {
    "code": 4200,
    "ville": "Kebili",
    "gouvernorat": "Kebili",
    "pays": "Tunisie"
  },
  {
    "code": 4280,
    "ville": "Kébili Biez",
    "gouvernorat": "Kebili",
    "pays": "Tunisie"
  },
  {
    "code": 4230,
    "ville": "souk lahad",
    "gouvernorat": "Kebili",
    "pays": "Tunisie"
  },
  {
    "code": 7170,
    "ville": "Dahmani",
    "gouvernorat": "Kef",
    "pays": "Tunisie"
  },
  {
    "code": 7100,
    "ville": "Kef",
    "gouvernorat": "Kef",
    "pays": "Tunisie"
  },
  {
    "code": 7150,
    "ville": "Tejerouin",
    "gouvernorat": "Kef",
    "pays": "Tunisie"
  },
  {
    "code": 7117,
    "ville": "Kef Ouest",
    "gouvernorat": "Kef",
    "pays": "Tunisie"
  },
  {
    "code": 5131,
    "ville": "Hekaima",
    "gouvernorat": "Mahdia",
    "pays": "Tunisie"
  },
  {
    "code": 5150,
    "ville": "Mahdia Republique",
    "gouvernorat": "Mahdia",
    "pays": "Tunisie"
  },
  {
    "code": 5170,
    "ville": "Chebba",
    "gouvernorat": "Mahdia",
    "pays": "Tunisie"
  },
  {
    "code": 5100,
    "ville": "Mahdia",
    "gouvernorat": "Mahdia",
    "pays": "Tunisie"
  },
  {
    "code": 5111,
    "ville": "mahdia hiboun",
    "gouvernorat": "Mahdia",
    "pays": "Tunisie"
  },
  {
    "code": 5180,
    "ville": "Ksour Essef",
    "gouvernorat": "Mahdia",
    "pays": "Tunisie"
  },
  {
    "code": 5140,
    "ville": "Souassi",
    "gouvernorat": "Mahdia",
    "pays": "Tunisie"
  },
  {
    "code": 5160,
    "ville": "El Jamm",
    "gouvernorat": "Mahdia",
    "pays": "Tunisie"
  },
  {
    "code": 1130,
    "ville": "Tebourba",
    "gouvernorat": "Mannouba",
    "pays": "Tunisie"
  },
  {
    "code": 1110,
    "ville": "Mornaguia",
    "gouvernorat": "Mannouba",
    "pays": "Tunisie"
  },
  {
    "code": 2011,
    "ville": "Denden",
    "gouvernorat": "Mannouba",
    "pays": "Tunisie"
  },
  {
    "code": 2010,
    "ville": "Mannouba",
    "gouvernorat": "Mannouba",
    "pays": "Tunisie"
  },
  {
    "code": 4175,
    "ville": "El May",
    "gouvernorat": "Medenine",
    "pays": "Tunisie"
  },
  {
    "code": 4135,
    "ville": "Ajim",
    "gouvernorat": "Medenine",
    "pays": "Tunisie"
  },
  {
    "code": 4144,
    "ville": "Mouensa",
    "gouvernorat": "Medenine",
    "pays": "Tunisie"
  },
  {
    "code": 4116,
    "ville": "Midoun",
    "gouvernorat": "Medenine",
    "pays": "Tunisie"
  },
  {
    "code": 4170,
    "ville": "Zarzis",
    "gouvernorat": "Medenine",
    "pays": "Tunisie"
  },
  {
    "code": 4100,
    "ville": "Medenine",
    "gouvernorat": "Medenine",
    "pays": "Tunisie"
  },
  {
    "code": 4180,
    "ville": "Jerba",
    "gouvernorat": "Medenine",
    "pays": "Tunisie"
  },
  {
    "code": 4120,
    "ville": "Jerba Aéroport",
    "gouvernorat": "Medenine",
    "pays": "Tunisie"
  },
  {
    "code": 4145,
    "ville": "Cedouikech",
    "gouvernorat": "Medenine",
    "pays": "Tunisie"
  },
  {
    "code": 4176,
    "ville": "Akrou",
    "gouvernorat": "Medenine",
    "pays": "Tunisie"
  },
  {
    "code": 4160,
    "ville": "Benguerden",
    "gouvernorat": "Medenine",
    "pays": "Tunisie"
  },
  {
    "code": 4173,
    "ville": "Souihel",
    "gouvernorat": "Medenine",
    "pays": "Tunisie"
  },
  {
    "code": 5070,
    "ville": "Ksar Hellal",
    "gouvernorat": "Monastir",
    "pays": "Tunisie"
  },
  {
    "code": 5050,
    "ville": "Moknine",
    "gouvernorat": "Monastir",
    "pays": "Tunisie"
  },
  {
    "code": 5020,
    "ville": "Jammel",
    "gouvernorat": "Monastir",
    "pays": "Tunisie"
  },
  {
    "code": 5000,
    "ville": "Monastir",
    "gouvernorat": "Monastir",
    "pays": "Tunisie"
  },
  {
    "code": 5016,
    "ville": "Ksar Hlel Riadh",
    "gouvernorat": "Monastir",
    "pays": "Tunisie"
  },
  {
    "code": 5060,
    "ville": "Monastir République",
    "gouvernorat": "Monastir",
    "pays": "Tunisie"
  },
  {
    "code": 5080,
    "ville": "Teboulba",
    "gouvernorat": "Monastir",
    "pays": "Tunisie"
  },
  {
    "code": 8090,
    "ville": "Kelibia",
    "gouvernorat": "Nabeul",
    "pays": "Tunisie"
  },
  {
    "code": 8057,
    "ville": "yasmine hammamet",
    "gouvernorat": "Nabeul",
    "pays": "Tunisie"
  },
  {
    "code": 8062,
    "ville": "nabeul thameur",
    "gouvernorat": "Nabeul",
    "pays": "Tunisie"
  },
  {
    "code": 8060,
    "ville": "Béni Khiar",
    "gouvernorat": "Nabeul",
    "pays": "Tunisie"
  },
  {
    "code": 8070,
    "ville": "Korba",
    "gouvernorat": "Nabeul",
    "pays": "Tunisie"
  },
  {
    "code": 8058,
    "ville": "Mrezga",
    "gouvernorat": "Nabeul",
    "pays": "Tunisie"
  },
  {
    "code": 8020,
    "ville": "Soliman",
    "gouvernorat": "Nabeul",
    "pays": "Tunisie"
  },
  {
    "code": 8030,
    "ville": "Grombalia",
    "gouvernorat": "Nabeul",
    "pays": "Tunisie"
  },
  {
    "code": 8011,
    "ville": "Dar Chaaban Fehri",
    "gouvernorat": "Nabeul",
    "pays": "Tunisie"
  },
  {
    "code": 8050,
    "ville": "Hammamet",
    "gouvernorat": "Nabeul",
    "pays": "Tunisie"
  },
  {
    "code": 8080,
    "ville": "Menzel Temim",
    "gouvernorat": "Nabeul",
    "pays": "Tunisie"
  },
  {
    "code": 8000,
    "ville": "Nabeul",
    "gouvernorat": "Nabeul",
    "pays": "Tunisie"
  },
  {
    "code": 3041,
    "ville": "merkez chihya",
    "gouvernorat": "Sfax",
    "pays": "Tunisie"
  },
  {
    "code": 3031,
    "ville": "Merkez Bouacida",
    "gouvernorat": "Sfax",
    "pays": "Tunisie"
  },
  {
    "code": 3052,
    "ville": "Cité El Habib",
    "gouvernorat": "Sfax",
    "pays": "Tunisie"
  },
  {
    "code": 3062,
    "ville": "Sidi Abbes",
    "gouvernorat": "Sfax",
    "pays": "Tunisie"
  },
  {
    "code": 3027,
    "ville": "Sfax Jadida",
    "gouvernorat": "Sfax",
    "pays": "Tunisie"
  },
  {
    "code": 3051,
    "ville": "merkez el alia",
    "gouvernorat": "Sfax",
    "pays": "Tunisie"
  },
  {
    "code": 3089,
    "ville": "Sfax 15 Novembre",
    "gouvernorat": "Sfax",
    "pays": "Tunisie"
  },
  {
    "code": 3079,
    "ville": "Cité Khayri",
    "gouvernorat": "Sfax",
    "pays": "Tunisie"
  },
  {
    "code": 3064,
    "ville": "Cité Bahri",
    "gouvernorat": "Sfax",
    "pays": "Tunisie"
  },
  {
    "code": 3050,
    "ville": "Esskhira",
    "gouvernorat": "Sfax",
    "pays": "Tunisie"
  },
  {
    "code": 3000,
    "ville": "Sfax",
    "gouvernorat": "Sfax",
    "pays": "Tunisie"
  },
  {
    "code": 3070,
    "ville": "Karkena",
    "gouvernorat": "Sfax",
    "pays": "Tunisie"
  },
  {
    "code": 3069,
    "ville": "Sfax Hached",
    "gouvernorat": "Sfax",
    "pays": "Tunisie"
  },
  {
    "code": 3099,
    "ville": "El Boustène",
    "gouvernorat": "Sfax",
    "pays": "Tunisie"
  },
  {
    "code": 3083,
    "ville": "tyna",
    "gouvernorat": "Sfax",
    "pays": "Tunisie"
  },
  {
    "code": 3030,
    "ville": "El Aguereb",
    "gouvernorat": "Sfax",
    "pays": "Tunisie"
  },
  {
    "code": 3021,
    "ville": "Sakiet Ezzit",
    "gouvernorat": "Sfax",
    "pays": "Tunisie"
  },
  {
    "code": 3080,
    "ville": "Jbeniyana",
    "gouvernorat": "Sfax",
    "pays": "Tunisie"
  },
  {
    "code": 3010,
    "ville": "El Hencha",
    "gouvernorat": "Sfax",
    "pays": "Tunisie"
  },
  {
    "code": 3049,
    "ville": "Sfax Maghreb Arabe",
    "gouvernorat": "Sfax",
    "pays": "Tunisie"
  },
  {
    "code": 3060,
    "ville": "El Mahres",
    "gouvernorat": "Sfax",
    "pays": "Tunisie"
  },
  {
    "code": 3011,
    "ville": "Sakiet Eddaier",
    "gouvernorat": "Sfax",
    "pays": "Tunisie"
  },
  {
    "code": 9120,
    "ville": "Benaoun",
    "gouvernorat": "Sidi Bouzid",
    "pays": "Tunisie"
  },
  {
    "code": 9113,
    "ville": "Bir El Hfay",
    "gouvernorat": "Sidi Bouzid",
    "pays": "Tunisie"
  },
  {
    "code": 9110,
    "ville": "Jilma",
    "gouvernorat": "Sidi Bouzid",
    "pays": "Tunisie"
  },
  {
    "code": 9140,
    "ville": "Meknasi",
    "gouvernorat": "Sidi Bouzid",
    "pays": "Tunisie"
  },
  {
    "code": 9170,
    "ville": "Ergueb",
    "gouvernorat": "Sidi Bouzid",
    "pays": "Tunisie"
  },
  {
    "code": 9100,
    "ville": "Sidi Bou Zid",
    "gouvernorat": "Sidi Bouzid",
    "pays": "Tunisie"
  },
  {
    "code": 6140,
    "ville": "Makthar",
    "gouvernorat": "Siliana",
    "pays": "Tunisie"
  },
  {
    "code": 6180,
    "ville": "Bouarada",
    "gouvernorat": "Siliana",
    "pays": "Tunisie"
  },
  {
    "code": 6100,
    "ville": "Siliana",
    "gouvernorat": "Siliana",
    "pays": "Tunisie"
  },
  {
    "code": 6150,
    "ville": "Rouhia",
    "gouvernorat": "Siliana",
    "pays": "Tunisie"
  },
  {
    "code": 4030,
    "ville": "Enfidha",
    "gouvernorat": "Sousse",
    "pays": "Tunisie"
  },
  {
    "code": 4051,
    "ville": "Sousse Khzema",
    "gouvernorat": "Sousse",
    "pays": "Tunisie"
  },
  {
    "code": 4011,
    "ville": "Hammam Sousse",
    "gouvernorat": "Sousse",
    "pays": "Tunisie"
  },
  {
    "code": 4083,
    "ville": "Hammam sousse plage",
    "gouvernorat": "Sousse",
    "pays": "Tunisie"
  },
  {
    "code": 4060,
    "ville": "Kalla Kebira",
    "gouvernorat": "Sousse",
    "pays": "Tunisie"
  },
  {
    "code": 4000,
    "ville": "Sousse",
    "gouvernorat": "Sousse",
    "pays": "Tunisie"
  },
  {
    "code": 4054,
    "ville": "sahloul",
    "gouvernorat": "Sousse",
    "pays": "Tunisie"
  },
  {
    "code": 4059,
    "ville": "Sousse Corniche",
    "gouvernorat": "Sousse",
    "pays": "Tunisie"
  },
  {
    "code": 4017,
    "ville": "Hammam Sousse Ghville",
    "gouvernorat": "Sousse",
    "pays": "Tunisie"
  },
  {
    "code": 4070,
    "ville": "Msaken",
    "gouvernorat": "Sousse",
    "pays": "Tunisie"
  },
  {
    "code": 4061,
    "ville": "Sousse Ibn Khaldoun",
    "gouvernorat": "Sousse",
    "pays": "Tunisie"
  },
  {
    "code": 4023,
    "ville": "sousse erriadh",
    "gouvernorat": "Sousse",
    "pays": "Tunisie"
  },
  {
    "code": 4089,
    "ville": "kantaoui",
    "gouvernorat": "Sousse",
    "pays": "Tunisie"
  },
  {
    "code": 3234,
    "ville": "Tataouine mahrajène",
    "gouvernorat": "Tataouine",
    "pays": "Tunisie"
  },
  {
    "code": 3263,
    "ville": "tataouine Ettahrir",
    "gouvernorat": "Tataouine",
    "pays": "Tunisie"
  },
  {
    "code": 3220,
    "ville": "Ghomrassen",
    "gouvernorat": "Tataouine",
    "pays": "Tunisie"
  },
  {
    "code": 3200,
    "ville": "Tataouin",
    "gouvernorat": "Tataouine",
    "pays": "Tunisie"
  },
  {
    "code": 2240,
    "ville": "Nefta",
    "gouvernorat": "Tozeur",
    "pays": "Tunisie"
  },
  {
    "code": 2260,
    "ville": "Dguech",
    "gouvernorat": "Tozeur",
    "pays": "Tunisie"
  },
  {
    "code": 2200,
    "ville": "Touzeur",
    "gouvernorat": "Tozeur",
    "pays": "Tunisie"
  },
  {
    "code": 2210,
    "ville": "tozeur chokrasti",
    "gouvernorat": "Tozeur",
    "pays": "Tunisie"
  },
  {
    "code": 2051,
    "ville": "Zahrouni",
    "gouvernorat": "Tunis",
    "pays": "Tunisie"
  },
  {
    "code": 1082,
    "ville": "Cité Mahragéne",
    "gouvernorat": "Tunis",
    "pays": "Tunisie"
  },
  {
    "code": 1095,
    "ville": "Sidi Hassine",
    "gouvernorat": "Tunis",
    "pays": "Tunisie"
  },
  {
    "code": 1023,
    "ville": "Mohamed V",
    "gouvernorat": "Tunis",
    "pays": "Tunisie"
  },
  {
    "code": 1000,
    "ville": "Tunis RP",
    "gouvernorat": "Tunis",
    "pays": "Tunisie"
  },
  {
    "code": 1001,
    "ville": "Tunis Republique",
    "gouvernorat": "Tunis",
    "pays": "Tunisie"
  },
  {
    "code": 1073,
    "ville": "Monplaisir",
    "gouvernorat": "Tunis",
    "pays": "Tunisie"
  },
  {
    "code": 2092,
    "ville": "El Manar II",
    "gouvernorat": "Tunis",
    "pays": "Tunisie"
  },
  {
    "code": 1053,
    "ville": "Berge du Lac",
    "gouvernorat": "Tunis",
    "pays": "Tunisie"
  },
  {
    "code": 1069,
    "ville": "Tunis Thameur",
    "gouvernorat": "Tunis",
    "pays": "Tunisie"
  },
  {
    "code": 2016,
    "ville": "Carthage",
    "gouvernorat": "Tunis",
    "pays": "Tunisie"
  },
  {
    "code": 2078,
    "ville": "Marsa Safsaf",
    "gouvernorat": "Tunis",
    "pays": "Tunisie"
  },
  {
    "code": 1002,
    "ville": "Tunis Belvedère",
    "gouvernorat": "Tunis",
    "pays": "Tunisie"
  },
  {
    "code": 2000,
    "ville": "Bardo",
    "gouvernorat": "Tunis",
    "pays": "Tunisie"
  },
  {
    "code": 1049,
    "ville": "Tunis Hached",
    "gouvernorat": "Tunis",
    "pays": "Tunisie"
  },
  {
    "code": 2045,
    "ville": "Cite El Mhiri",
    "gouvernorat": "Tunis",
    "pays": "Tunisie"
  },
  {
    "code": 1068,
    "ville": "Cité Rommana",
    "gouvernorat": "Tunis",
    "pays": "Tunisie"
  },
  {
    "code": 2052,
    "ville": "Cite Ezzouhour",
    "gouvernorat": "Tunis",
    "pays": "Tunisie"
  },
  {
    "code": 1008,
    "ville": "Bab Menara",
    "gouvernorat": "Tunis",
    "pays": "Tunisie"
  },
  {
    "code": 1075,
    "ville": "Bab El Khadhra",
    "gouvernorat": "Tunis",
    "pays": "Tunisie"
  },
  {
    "code": 2079,
    "ville": "Tunis Aéroport",
    "gouvernorat": "Tunis",
    "pays": "Tunisie"
  },
  {
    "code": 1004,
    "ville": "El Menzah",
    "gouvernorat": "Tunis",
    "pays": "Tunisie"
  },
  {
    "code": 1006,
    "ville": "Bab Souika",
    "gouvernorat": "Tunis",
    "pays": "Tunisie"
  },
  {
    "code": 1003,
    "ville": "Cite El Khadra",
    "gouvernorat": "Tunis",
    "pays": "Tunisie"
  },
  {
    "code": 1140,
    "ville": "El Fahs",
    "gouvernorat": "Zaghouane",
    "pays": "Tunisie"
  },
  {
    "code": 1141,
    "ville": "Bir Mcherga",
    "gouvernorat": "Zaghouane",
    "pays": "Tunisie"
  },
  {
    "code": 1100,
    "ville": "Zaghouan",
    "gouvernorat": "Zaghouane",
    "pays": "Tunisie"
  },
  {
    "code": 1111,
    "ville": "Jbel El West",
    "gouvernorat": "Zaghouane",
    "pays": "Tunisie"
  },
  {
    "code": 1152,
    "ville": "hammam zriba",
    "gouvernorat": "Zaghouane",
    "pays": "Tunisie"
  },
  {
    "code": 1160,
    "ville": "Ennadhour",
    "gouvernorat": "Zaghouane",
    "pays": "Tunisie"
  }
]